id,username,firstName,email,password,phone,userStatus
1222222 ,Иванов2 ,Иван2 ,ivan@ya.ru ,password ,ddd ,12222
1222223 ,Иванов3 ,Иван3 ,ivan@ya.ru ,password ,ddd ,12223
1222224 ,Иванов4 ,Иван4 ,ivan@ya.ru ,password ,ddd ,12224
1222225 ,Иванов5 ,Иван5 ,ivan@ya.ru ,password ,ddd ,12225
1222226 ,Иванов6 ,Иван6 ,ivan@ya.ru ,password ,ddd ,12226
1222227 ,Иванов7 ,Иван7 ,ivan@ya.ru ,password ,ddd ,12227
1222228 ,Иванов8 ,Иван8 ,ivan@ya.ru ,password ,ddd ,12228
1222229 ,Иванов9 ,Иван9 ,ivan@ya.ru ,password ,ddd ,12229


